Timestamp,Car1_Location_X,Car1_Location_Y,Car1_Length,Car1_Width,Car1_Height,Car2_Location_X,Car2_Location_Y,Car2_Length,Car2_Width,Car2_Height,pedestrian_Location_X,pedestrian_Location_Y,pedestrian_Length,pedestrian_Width,pedestrian_Height,cam1_pedestrian_x1,cam1_pedestrian_y1,cam1_pedestrian_x2,cam1_pedestrian_y2,cam2_car_x1,cam2_car_y1,cam2_car_x2,cam2_car_y2,cam3_pedestrian_x1,cam3_pedestrian_y1,cam3_pedestrian_x2,cam3_pedestrian_y2,Occluded_Image_View,Occluded_Image_Lidar,Occluding_Image_View,Occluding_Image_Lidar,Ground_Truth_View
1741128439.11111,-51.5417518615723,143,4.79177951812744,2.16345000267029,1.48766005039215,-61.0599594116211,140,4.79177951812744,2.16345000267029,1.48766005039215,-47,143.280517578125,0.375357776880264,0.375357776880264,1.29999995231628,1010,654,1132,1080,1311,541,1919,931,1403,579,1446,756,A_001.png,A_001.ply,B_001.png,B_001.ply,B_001.png
1741128458.30311,-50.8719215393066,143,4.79177951812744,2.16345000267029,1.48766005039215,-60.3921127319336,140,4.79177951812744,2.16345000267029,1.48766005039215,-47,142.614593505859,0.375357776880264,0.375357776880264,1.29999995231628,674,676,804,1078,1312,542,1919,931,1326,583,1372,765,A_002.png,A_002.ply,B_002.png,B_002.ply,B_002.png
1741128477.74441,-51.077766418457,143,4.79177951812744,2.16345000267029,1.48766005039215,-59.7110481262207,140,4.79177951812744,2.16345000267029,1.48766005039215,-47,143.483184814453,0.375357776880264,0.375357776880264,1.29999995231628,1117,665,1284,1080,1342,542,1919,978,1481,568,1534,778,A_003.png,A_003.ply,B_003.png,B_003.ply,B_003.png
1741128496.93953,-51.6537971496582,143,4.79177951812744,2.16345000267029,1.48766005039215,-58.4623374938965,140,4.79177951812744,2.16345000267029,1.48766005039215,-47,142.698272705078,0.375357776880264,0.375357776880264,1.29999995231628,758,654,865,1076,1442,554,1918,879,1403,585,1455,806,A_004.png,A_004.ply,B_004.png,B_004.ply,B_004.png
1741128516.21084,-53.5206184387207,143,4.79177951812744,2.16345000267029,1.48766005039215,-59.3439521789551,140,4.79177951812744,2.16345000267029,1.48766005039215,-47,142.473297119141,0.375357776880264,0.375357776880264,1.29999995231628,738,621,823,1020,1482,558,1919,1056,1336,583,1383,788,A_005.png,A_005.ply,B_005.png,B_005.ply,B_005.png
1741128535.44993,-53.3783226013184,143,4.79177951812744,2.16345000267029,1.48766005039215,-61.6394577026367,140,4.79177951812744,2.16345000267029,1.48766005039215,-47,142.18327331543,0.375357776880264,0.375357776880264,1.29999995231628,641,622,728,1033,1354,544,1919,1012,1234,575,1273,745,A_006.png,A_006.ply,B_006.png,B_006.ply,B_006.png
1741128554.69809,-52.5249557495117,143,4.79177951812744,2.16345000267029,1.48766005039215,-60.554500579834,140,4.79177951812744,2.16345000267029,1.48766005039215,-47,143.498062133789,0.375357776880264,0.375357776880264,1.29999995231628,1074,630,1197,1077,1366,539,1918,1026,1448,577,1499,764,A_007.png,A_007.ply,B_007.png,B_007.ply,B_007.png
1741128573.94811,-53.3346748352051,143,4.79177951812744,2.16345000267029,1.48766005039215,-60.0648612976074,140,4.79177951812744,2.16345000267029,1.48766005039215,-47,142.419494628906,0.375357776880264,0.375357776880264,1.29999995231628,666,620,803,1039,1433,551,1919,999,1301,579,1348,770,A_008.png,A_008.ply,B_008.png,B_008.ply,B_008.png
1741128593.20599,-53.0354385375977,143,4.79177951812744,2.16345000267029,1.48766005039215,-58.4848289489746,140,4.79177951812744,2.16345000267029,1.48766005039215,-47,142.2646484375,0.375357776880264,0.375357776880264,1.29999995231628,642,625,745,1056,1512,562,1919,1058,1325,582,1382,803,A_009.png,A_009.ply,B_009.png,B_009.ply,B_009.png
1741128612.44784,-52.6530303955078,143,4.79177951812744,2.16345000267029,1.48766005039215,-60.4418067932129,140,4.79177951812744,2.16345000267029,1.48766005039215,-47,143.681564331055,0.375357776880264,0.375357776880264,1.29999995231628,1141,632,1277,1078,1377,546,1919,999,1484,571,1534,766,A_010.png,A_010.ply,B_010.png,B_010.ply,B_010.png
1741128631.6913,-50.6874198913574,143,4.79177951812744,2.16345000267029,1.48766005039215,-61.1798095703125,140,4.79177951812744,2.16345000267029,1.48766005039215,-47,143.306838989258,0.375357776880264,0.375357776880264,1.29999995231628,1042,681,1190,1080,1284,541,1881,900,1402,577,1447,754,A_011.png,A_011.ply,B_011.png,B_011.ply,B_011.png
1741128650.94264,-50.566535949707,143,4.79177951812744,2.16345000267029,1.48766005039215,-60.9741096496582,140,4.79177951812744,2.16345000267029,1.48766005039215,-47,142.388580322266,0.375357776880264,0.375357776880264,1.29999995231628,513,686,662,1080,1284,541,1891,898,1274,575,1318,754,A_012.png,A_012.ply,B_012.png,B_012.ply,B_012.png
1741128670.18236,-51.334114074707,143,4.79177951812744,2.16345000267029,1.48766005039215,-62.6055145263672,140,4.79177951812744,2.16345000267029,1.48766005039215,-47,143.019622802734,0.375357776880264,0.375357776880264,1.29999995231628,896,660,1014,1075,1259,542,1802,866,1321,572,1362,738,A_013.png,A_013.ply,B_013.png,B_013.ply,B_013.png
1741128689.53001,-52.1440010070801,143,4.79177951812744,2.16345000267029,1.48766005039215,-61.6913185119629,140,4.79177951812744,2.16345000267029,1.48766005039215,-47,143.110977172852,0.375357776880264,0.375357776880264,1.29999995231628,930,638,1043,1079,1308,544,1919,925,1361,568,1399,745,A_014.png,A_014.ply,B_014.png,B_014.ply,B_014.png
1741128708.94591,-51.2523078918457,143,4.79177951812744,2.16345000267029,1.48766005039215,-59.8992767333984,140,4.79177951812744,2.16345000267029,1.48766005039215,-47,143.600082397461,0.375357776880264,0.375357776880264,1.29999995231628,1166,662,1316,1078,1341,542,1919,978,1488,570,1545,773,A_015.png,A_015.ply,B_015.png,B_015.ply,B_015.png
1741128728.41848,-53.7018775939941,143,4.79177951812744,2.16345000267029,1.48766005039215,-61.6055450439453,140,4.79177951812744,2.16345000267029,1.48766005039215,-47,143.416320800781,0.375357776880264,0.375357776880264,1.29999995231628,1032,616,1145,1013,1372,544,1919,984,1405,574,1446,745,A_016.png,A_016.ply,B_016.png,B_016.ply,B_016.png
1741128748.07375,-50.5476417541504,143,4.79177951812744,2.16345000267029,1.48766005039215,-60.7499389648438,140,4.79177951812744,2.16345000267029,1.48766005039215,-47,142.52880859375,0.375357776880264,0.375357776880264,1.29999995231628,590,688,741,1080,1291,541,1917,902,1301,576,1344,761,A_017.png,A_017.ply,B_017.png,B_017.ply,B_017.png
1741128768.10706,-51.5387382507324,143,4.79177951812744,2.16345000267029,1.48766005039215,-60.5801658630371,140,4.79177951812744,2.16345000267029,1.48766005039215,-47,143.029922485352,0.375357776880264,0.375357776880264,1.29999995231628,901,653,1014,1075,1326,541,1919,949,1383,577,1423,766,A_018.png,A_018.ply,B_018.png,B_018.ply,B_018.png
1741128788.28301,-53.1014633178711,143,4.79177951812744,2.16345000267029,1.48766005039215,-62.0626449584961,140,4.79177951812744,2.16345000267029,1.48766005039215,-47,143.525299072266,0.375357776880264,0.375357776880264,1.29999995231628,1072,622,1193,1059,1328,539,1918,961,1404,576,1445,739,A_019.png,A_019.ply,B_019.png,B_019.ply,B_019.png
1741128808.63678,-53.8732490539551,143,4.79177951812744,2.16345000267029,1.48766005039215,-60.1572494506836,140,4.79177951812744,2.16345000267029,1.48766005039215,-47,143.268005371094,0.375357776880264,0.375357776880264,1.29999995231628,983,619,1067,984,1448,551,1920,1034,1433,577,1478,769,A_020.png,A_020.ply,B_020.png,B_020.ply,B_020.png
1741128829.1357,-51.5886573791504,143,4.79177951812744,2.16345000267029,1.48766005039215,-60.4572639465332,140,4.79177951812744,2.16345000267029,1.48766005039215,-47,143.04264831543,0.375357776880264,0.375357776880264,1.29999995231628,908,654,1034,1076,1332,540,1919,966,1386,576,1433,768,A_021.png,A_021.ply,B_021.png,B_021.ply,B_021.png
1741128849.56604,-52.2147979736328,143,4.79177951812744,2.16345000267029,1.48766005039215,-60.9377899169922,140,4.79177951812744,2.16345000267029,1.48766005039215,-47,143.290344238281,0.375357776880264,0.375357776880264,1.29999995231628,998,637,1113,1079,1338,542,1919,958,1408,577,1454,759,A_022.png,A_022.ply,B_022.png,B_022.ply,B_022.png
1741128870.11469,-53.0503120422363,143,4.79177951812744,2.16345000267029,1.48766005039215,-59.3312301635742,140,4.79177951812744,2.16345000267029,1.48766005039215,-47,143.51969909668,0.375357776880264,0.375357776880264,1.29999995231628,1074,622,1184,1059,1459,548,1919,1053,1486,567,1557,782,A_023.png,A_023.ply,B_023.png,B_023.ply,B_023.png
1741128890.68422,-50.8932914733887,143,4.79177951812744,2.16345000267029,1.48766005039215,-59.5796852111816,140,4.79177951812744,2.16345000267029,1.48766005039215,-47,142.707305908203,0.375357776880264,0.375357776880264,1.29999995231628,722,673,856,1080,1340,543,1919,973,1358,579,1413,781,A_024.png,A_024.ply,B_024.png,B_024.ply,B_024.png
1741128911.21893,-52.9248123168945,143,4.79177951812744,2.16345000267029,1.48766005039215,-62.9592552185059,140,4.79177951812744,2.16345000267029,1.48766005039215,-47,143.840408325195,0.375357776880264,0.375357776880264,1.29999995231628,1166,625,1288,1074,1293,543,1919,908,1420,574,1462,728,A_025.png,A_025.ply,B_025.png,B_025.ply,B_025.png
1741128931.79892,-51.5967330932617,143,4.79177951812744,2.16345000267029,1.48766005039215,-61.692268371582,140,4.79177951812744,2.16345000267029,1.48766005039215,-47,142.025375366211,0.375357776880264,0.375357776880264,1.29999995231628,449,655,574,1080,1293,540,1919,898,1212,577,1251,747,A_026.png,A_026.ply,B_026.png,B_026.ply,B_026.png
1741128972.93342,-50.3556480407715,143,4.79177951812744,2.16345000267029,1.48766005039215,-61.5412445068359,140,4.79177951812744,2.16345000267029,1.48766005039215,-47,142.61767578125,0.375357776880264,0.375357776880264,1.29999995231628,627,697,793,1078,1266,542,1810,869,1296,576,1336,746,A_028.png,A_028.ply,B_028.png,B_028.ply,B_028.png
1741128993.44235,-50.3488693237305,143,4.79177951812744,2.16345000267029,1.48766005039215,-62.5487747192383,140,4.79177951812744,2.16345000267029,1.48766005039215,-47,143.502243041992,0.375357776880264,0.375357776880264,1.29999995231628,1168,691,1330,1077,1240,540,1726,845,1387,572,1429,734,A_029.png,A_029.ply,B_029.png,B_029.ply,B_029.png
1741129034.43333,-53.5907211303711,143,4.79177951812744,2.16345000267029,1.48766005039215,-59.0311164855957,140,4.79177951812744,2.16345000267029,1.48766005039215,-47,143.936325073242,0.375357776880264,0.375357776880264,1.29999995231628,1225,661,1360,1080,1510,560,1919,1058,1586,579,1649,791,A_031.png,A_031.ply,B_031.png,B_031.ply,B_031.png
1741129054.98096,-51.6393852233887,143,4.79177951812744,2.16345000267029,1.48766005039215,-60.9455032348633,140,4.79177951812744,2.16345000267029,1.48766005039215,-47,142.468048095703,0.375357776880264,0.375357776880264,1.29999995231628,648,654,764,1078,1320,540,1919,939,1290,573,1328,755,A_032.png,A_032.ply,B_032.png,B_032.ply,B_032.png
1741129075.53562,-52.7775421142578,143,4.79177951812744,2.16345000267029,1.48766005039215,-62.6106414794922,140,4.79177951812744,2.16345000267029,1.48766005039215,-47,142.923889160156,0.375357776880264,0.375357776880264,1.29999995231628,871,627,973,1079,1301,542,1919,915,1311,568,1348,739,A_033.png,A_033.ply,B_033.png,B_033.ply,B_033.png
1741129096.07357,-50.984489440918,143,4.79177951812744,2.16345000267029,1.48766005039215,-58.250617980957,140,4.79177951812744,2.16345000267029,1.48766005039215,-47,143.042327880859,0.375357776880264,0.375357776880264,1.29999995231628,900,672,1048,1077,1404,551,1919,955,1475,590,1526,812,A_034.png,A_034.ply,B_034.png,B_034.ply,B_034.png
1741129116.66075,-52.0799293518066,143,4.79177951812744,2.16345000267029,1.48766005039215,-62.836483001709,140,4.79177951812744,2.16345000267029,1.48766005039215,-47,142.886947631836,0.375357776880264,0.375357776880264,1.29999995231628,847,640,962,1075,1276,542,1853,880,1303,568,1347,735,A_035.png,A_035.ply,B_035.png,B_035.ply,B_035.png
1741129137.32017,-51.368221282959,143,4.79177951812744,2.16345000267029,1.48766005039215,-61.2545547485352,140,4.79177951812744,2.16345000267029,1.48766005039215,-47,143.947601318359,0.375357776880264,0.375357776880264,1.29999995231628,1318,657,1459,1080,1295,540,1919,912,1492,577,1538,752,A_036.png,A_036.ply,B_036.png,B_036.ply,B_036.png
1741129157.92723,-51.6251449584961,143,4.79177951812744,2.16345000267029,1.48766005039215,-62.101863861084,140,4.79177951812744,2.16345000267029,1.48766005039215,-47,143.61247253418,0.375357776880264,0.375357776880264,1.29999995231628,1155,652,1280,1079,1282,542,1883,902,1413,574,1456,740,A_037.png,A_037.ply,B_037.png,B_037.ply,B_037.png
1741129178.48329,-51.784481048584,143,4.79177951812744,2.16345000267029,1.48766005039215,-61.4282989501953,140,4.79177951812744,2.16345000267029,1.48766005039215,-47,143.058151245117,0.375357776880264,0.375357776880264,1.29999995231628,916,648,1033,1080,1305,541,1919,900,1360,572,1399,754,A_038.png,A_038.ply,B_038.png,B_038.ply,B_038.png
1741129199.17194,-50.8010063171387,143,4.79177951812744,2.16345000267029,1.48766005039215,-59.5987434387207,140,4.79177951812744,2.16345000267029,1.48766005039215,-47,142.906585693359,0.375357776880264,0.375357776880264,1.29999995231628,824,677,971,1080,1335,542,1919,971,1395,584,1441,780,A_039.png,A_039.ply,B_039.png,B_039.ply,B_039.png
1741129219.94018,-53.3897438049316,143,4.79177951812744,2.16345000267029,1.48766005039215,-62.172737121582,140,4.79177951812744,2.16345000267029,1.48766005039215,-47,143.554138183594,0.375357776880264,0.375357776880264,1.29999995231628,1071,619,1353,1074,1335,539,1918,973,1405,573,1447,739,A_040.png,A_040.ply,B_040.png,B_040.ply,B_040.png
1741129240.57942,-53.9616165161133,143,4.79177951812744,2.16345000267029,1.48766005039215,-61.4868927001953,140,4.79177951812744,2.16345000267029,1.48766005039215,-47,143.852188110352,0.375357776880264,0.375357776880264,1.29999995231628,1134,599,1243,984,1392,545,1919,998,1468,569,1515,746,A_041.png,A_041.ply,B_041.png,B_041.ply,B_041.png
1741129261.19793,-53.4609794616699,143,4.79177951812744,2.16345000267029,1.48766005039215,-58.1140556335449,140,4.79177951812744,2.16345000267029,1.48766005039215,-47,143.193862915039,0.375357776880264,0.375357776880264,1.29999995231628,964,620,1055,1022,1581,577,1918,1052,1507,577,1563,817,A_042.png,A_042.ply,B_042.png,B_042.ply,B_042.png
1741129281.85881,-53.9913520812988,143,4.79177951812744,2.16345000267029,1.48766005039215,-58.780029296875,140,4.79177951812744,2.16345000267029,1.48766005039215,-47,143.860107421875,0.375357776880264,0.375357776880264,1.29999995231628,1148,597,1242,980,1569,588,1918,1059,1588,581,1648,796,A_043.png,A_043.ply,B_043.png,B_043.ply,B_043.png
1741129302.56791,-51.9444961547852,143,4.79177951812744,2.16345000267029,1.48766005039215,-59.8740348815918,140,4.79177951812744,2.16345000267029,1.48766005039215,-47,142.560577392578,0.375357776880264,0.375357776880264,1.29999995231628,712,645,811,1079,1374,547,1918,970,1331,578,1385,772,A_044.png,A_044.ply,B_044.png,B_044.ply,B_044.png
1741129323.21632,-52.6234893798828,143,4.79177951812744,2.16345000267029,1.48766005039215,-62.0724105834961,140,4.79177951812744,2.16345000267029,1.48766005039215,-47,143.992340087891,0.375357776880264,0.375357776880264,1.29999995231628,1251,633,1370,1045,1313,540,1919,939,1467,569,1513,741,A_045.png,A_045.ply,B_045.png,B_045.ply,B_045.png
1741129343.97164,-53.9460983276367,143,4.79177951812744,2.16345000267029,1.48766005039215,-59.8220748901367,140,4.79177951812744,2.16345000267029,1.48766005039215,-47,143.842269897461,0.375357776880264,0.375357776880264,1.29999995231628,1127,599,1243,980,1480,558,1919,1054,1534,585,1587,775,A_046.png,A_046.ply,B_046.png,B_046.ply,B_046.png
1741129364.71857,-52.8246078491211,143,4.79177951812744,2.16345000267029,1.48766005039215,-58.3965530395508,140,4.79177951812744,2.16345000267029,1.48766005039215,-47,142.071441650391,0.375357776880264,0.375357776880264,1.29999995231628,572,628,669,1075,1503,554,1919,1057,1293,583,1344,807,A_047.png,A_047.ply,B_047.png,B_047.ply,B_047.png
1741129385.53009,-53.3994903564453,143,4.79177951812744,2.16345000267029,1.48766005039215,-58.1931266784668,140,4.79177951812744,2.16345000267029,1.48766005039215,-47,142.424423217773,0.375357776880264,0.375357776880264,1.29999995231628,687,621,803,1030,1569,581,1920,1036,1366,585,1415,813,A_048.png,A_048.ply,B_048.png,B_048.ply,B_048.png
1741129406.18945,-53.1123809814453,143,4.79177951812744,2.16345000267029,1.48766005039215,-60.7305908203125,140,4.79177951812744,2.16345000267029,1.48766005039215,-47,142.926712036133,0.375357776880264,0.375357776880264,1.29999995231628,877,627,968,1050,1386,544,1918,1046,1359,573,1404,763,A_049.png,A_049.ply,B_049.png,B_049.ply,B_049.png
1741129427.00793,-52.7056007385254,143,4.79177951812744,2.16345000267029,1.48766005039215,-61.2159843444824,140,4.79177951812744,2.16345000267029,1.48766005039215,-47,142.071304321289,0.375357776880264,0.375357776880264,1.29999995231628,563,632,658,1073,1346,542,1919,968,1223,574,1266,753,A_050.png,A_050.ply,B_050.png,B_050.ply,B_050.png
1741129447.83364,-52.7245483398437,143,4.79177951812744,2.16345000267029,1.48766005039215,-61.1862678527832,140,4.79177951812744,2.16345000267029,1.48766005039215,-47,142.090744018555,0.375357776880264,0.375357776880264,1.29999995231628,572,631,670,1080,1346,542,1919,955,1227,574,1271,752,A_051.png,A_051.ply,B_051.png,B_051.ply,B_051.png
1741129468.45247,-53.2305374145508,143,4.79177951812744,2.16345000267029,1.48766005039215,-58.0227432250977,140,4.79177951812744,2.16345000267029,1.48766005039215,-47,143.244888305664,0.375357776880264,0.375357776880264,1.29999995231628,980,626,1074,1044,1570,585,1920,1058,1518,581,1577,815,A_052.png,A_052.ply,B_052.png,B_052.ply,B_052.png
1741129489.24297,-51.6758766174316,143,4.79177951812744,2.16345000267029,1.48766005039215,-61.1689300537109,140,4.79177951812744,2.16345000267029,1.48766005039215,-47,143.075576782227,0.375357776880264,0.375357776880264,1.29999995231628,922,654,1039,1079,1310,539,1919,935,1369,572,1412,753,A_053.png,A_053.ply,B_053.png,B_053.ply,B_053.png
1741129509.98024,-53.3589973449707,143,4.79177951812744,2.16345000267029,1.48766005039215,-62.8579826354981,140,4.79177951812744,2.16345000267029,1.48766005039215,-47,143.807952880859,0.375357776880264,0.375357776880264,1.29999995231628,1145,625,1251,1024,1310,538,1918,937,1420,577,1459,732,A_054.png,A_054.ply,B_054.png,B_054.ply,B_054.png
1741129530.62088,-53.6708030700684,143,4.79177951812744,2.16345000267029,1.48766005039215,-61.4933090209961,140,4.79177951812744,2.16345000267029,1.48766005039215,-47,142.957763671875,0.375357776880264,0.375357776880264,1.29999995231628,884,616,973,1004,1373,546,1919,985,1339,574,1387,749,A_055.png,A_055.ply,B_055.png,B_055.ply,B_055.png
1741129551.31115,-52.3084945678711,143,4.79177951812744,2.16345000267029,1.48766005039215,-61.6913223266602,140,4.79177951812744,2.16345000267029,1.48766005039215,-47,143.952545166016,0.375357776880264,0.375357776880264,1.29999995231628,1255,642,1413,1075,1316,542,1919,943,1479,581,1518,743,A_056.png,A_056.ply,B_056.png,B_056.ply,B_056.png
1741129572.00323,-50.6062202453613,143,4.79177951812744,2.16345000267029,1.48766005039215,-60.0046081542969,140,4.79177951812744,2.16345000267029,1.48766005039215,-47,142.372909545898,0.375357776880264,0.375357776880264,1.29999995231628,504,684,659,1080,1307,541,1919,948,1298,578,1344,769,A_057.png,A_057.ply,B_057.png,B_057.ply,B_057.png
1741129592.62609,-52.4903030395508,143,4.79177951812744,2.16345000267029,1.48766005039215,-62.5814666748047,140,4.79177951812744,2.16345000267029,1.48766005039215,-47,142.953033447266,0.375357776880264,0.375357776880264,1.29999995231628,881,631,980,1078,1292,542,1919,903,1314,565,1356,738,A_058.png,A_058.ply,B_058.png,B_058.ply,B_058.png
1741129613.20144,-53.5821075439453,143,4.79177951812744,2.16345000267029,1.48766005039215,-61.174373626709,140,4.79177951812744,2.16345000267029,1.48766005039215,-47,142.041366577148,0.375357776880264,0.375357776880264,1.29999995231628,605,619,689,1014,1383,547,1919,1026,1222,574,1262,750,A_059.png,A_059.ply,B_059.png,B_059.ply,B_059.png
1741129633.84083,-51.3365631103516,143,4.79177951812744,2.16345000267029,1.48766005039215,-60.1293678283691,140,4.79177951812744,2.16345000267029,1.48766005039215,-47,143.211532592773,0.375357776880264,0.375357776880264,1.29999995231628,982,650,1110,1080,1334,542,1919,955,1426,579,1471,772,A_060.png,A_060.ply,B_060.png,B_060.ply,B_060.png
1741129654.50882,-51.6010475158691,143,4.79177951812744,2.16345000267029,1.48766005039215,-61.654354095459,140,4.79177951812744,2.16345000267029,1.48766005039215,-47,142.081680297852,0.375357776880264,0.375357776880264,1.29999995231628,475,655,593,1080,1293,540,1919,907,1219,570,1260,741,A_061.png,A_061.ply,B_061.png,B_061.ply,B_061.png
1741129675.2842,-51.6435050964356,143,4.79177951812744,2.16345000267029,1.48766005039215,-59.533576965332,140,4.79177951812744,2.16345000267029,1.48766005039215,-47,142.350601196289,0.375357776880264,0.375357776880264,1.29999995231628,601,650,715,1077,1372,546,1918,997,1309,579,1357,780,A_062.png,A_062.ply,B_062.png,B_062.ply,B_062.png
1741129695.93542,-50.7879791259766,143,4.79177951812744,2.16345000267029,1.48766005039215,-58.6738166809082,140,4.79177951812744,2.16345000267029,1.48766005039215,-47,142.762557983398,0.375357776880264,0.375357776880264,1.29999995231628,745,678,881,1080,1372,542,1919,989,1406,587,1459,799,A_063.png,A_063.ply,B_063.png,B_063.ply,B_063.png
1741129716.60734,-53.7042427062988,143,4.79177951812744,2.16345000267029,1.48766005039215,-58.8342094421387,140,4.79177951812744,2.16345000267029,1.48766005039215,-47,143.71403503418,0.375357776880264,0.375357776880264,1.29999995231628,1124,615,1224,1009,1611,576,1919,848,1560,582,1622,796,A_064.png,A_064.ply,B_064.png,B_064.ply,B_064.png
1741129737.32983,-50.5840950012207,143,4.79177951812744,2.16345000267029,1.48766005039215,-62.2108001708984,140,4.79177951812744,2.16345000267029,1.48766005039215,-47,142.01708984375,0.375357776880264,0.375357776880264,1.29999995231628,299,688,460,1080,1234,541,1773,860,1560,582,1622,796,A_065.png,A_065.ply,B_065.png,B_065.ply,B_065.png
1741129780.42393,-52.1216583251953,143,4.79177951812744,2.16345000267029,1.48766005039215,-62.3828010559082,140,4.79177951812744,2.16345000267029,1.48766005039215,-47,143.889465332031,0.375357776880264,0.375357776880264,1.29999995231628,1243,643,1353,1064,1286,543,1911,908,1445,563,1490,738,A_067.png,A_067.ply,B_067.png,B_067.ply,B_067.png
1741129806.65052,-52.9770736694336,143,4.79177951812744,2.16345000267029,1.48766005039215,-60.4221458435059,140,4.79177951812744,2.16345000267029,1.48766005039215,-47,143.967391967773,0.375357776880264,0.375357776880264,1.29999995231628,1227,629,1321,1060,1391,548,1919,1003,1528,580,1579,762,A_068.png,A_068.ply,B_068.png,B_068.ply,B_068.png
1741129829.37563,-52.2903594970703,143,4.79177951812744,2.16345000267029,1.48766005039215,-59.8352127075195,140,4.79177951812744,2.16345000267029,1.48766005039215,-47,143.522232055664,0.375357776880264,0.375357776880264,1.29999995231628,1090,636,1222,1076,1388,546,1919,1030,1479,570,1535,773,A_069.png,A_069.ply,B_069.png,B_069.ply,B_069.png
1741129850.14496,-52.9796829223633,143,4.79177951812744,2.16345000267029,1.48766005039215,-58.9389724731445,140,4.79177951812744,2.16345000267029,1.48766005039215,-47,142.103454589844,0.375357776880264,0.375357776880264,1.29999995231628,593,628,683,1066,1480,556,1919,1054,1283,578,1333,794,A_070.png,A_070.ply,B_070.png,B_070.ply,B_070.png
1741129870.90343,-53.3532257080078,143,4.79177951812744,2.16345000267029,1.48766005039215,-58.6591033935547,140,4.79177951812744,2.16345000267029,1.48766005039215,-47,143.592880249023,0.375357776880264,0.375357776880264,1.29999995231628,1081,617,1354,1044,1522,562,1919,1055,1548,585,1607,798,A_071.png,A_071.ply,B_071.png,B_071.ply,B_071.png
1741129894.55363,-50.9129371643066,143,4.79177951812744,2.16345000267029,1.48766005039215,-62.2639045715332,140,4.79177951812744,2.16345000267029,1.48766005039215,-47,143.55046081543,0.375357776880264,0.375357776880264,1.29999995231628,1158,673,1302,1079,1258,543,1795,870,1403,574,1446,739,A_072.png,A_072.ply,B_072.png,B_072.ply,B_072.png
1741129915.47297,-52.9273834228516,143,4.79177951812744,2.16345000267029,1.48766005039215,-60.1726150512695,140,4.79177951812744,2.16345000267029,1.48766005039215,-47,143.484222412109,0.375357776880264,0.375357776880264,1.29999995231628,1061,623,1202,1077,1404,552,1919,1024,1459,583,1512,768,A_073.png,A_073.ply,B_073.png,B_073.ply,B_073.png
1741129939.75156,-52.3925170898437,143,4.79177951812744,2.16345000267029,1.48766005039215,-60.0064582824707,140,4.79177951812744,2.16345000267029,1.48766005039215,-47,143.983322143555,0.375357776880264,0.375357776880264,1.29999995231628,1263,639,1404,1074,1388,545,1919,1048,1549,582,1600,768,A_074.png,A_074.ply,B_074.png,B_074.ply,B_074.png
1741129967.04636,-52.8027381896973,143,4.79177951812744,2.16345000267029,1.48766005039215,-59.8422698974609,140,4.79177951812744,2.16345000267029,1.48766005039215,-47,143.131912231445,0.375357776880264,0.375357776880264,1.29999995231628,943,627,1039,1074,1431,549,1920,1013,1425,578,1467,779,A_075.png,A_075.ply,B_075.png,B_075.ply,B_075.png
1741130013.98935,-51.3241844177246,143,4.79177951812744,2.16345000267029,1.48766005039215,-60.1716728210449,140,4.79177951812744,2.16345000267029,1.48766005039215,-47,142.239181518555,0.375357776880264,0.375357776880264,1.29999995231628,512,663,646,1075,1333,542,1918,968,1271,575,1319,768,A_077.png,A_077.ply,B_077.png,B_077.ply,B_077.png
1741133232.25773,-52.1306381225586,143,4.79177951812744,2.16345000267029,1.48766005039215,-61.8311309814453,140,4.79177951812744,2.16345000267029,1.48766005039215,-47,143.213973999023,0.375357776880264,0.375357776880264,1.29999995231628,978,634,1087,1078,1307,540,1919,919,1370,570,1412,744,A_078.png,A_078.ply,B_078.png,B_078.ply,B_078.png
1741133251.73343,-50.5397682189941,143,4.79177951812744,2.16345000267029,1.48766005039215,-58.8369941711426,140,4.79177951812744,2.16345000267029,1.48766005039215,-47,142.063339233398,0.375357776880264,0.375357776880264,1.29999995231628,326,685,482,1080,1354,540,1919,1001,1280,584,1328,796,A_079.png,A_079.ply,B_079.png,B_079.ply,B_079.png
1741133270.92811,-50.7817611694336,143,4.79177951812744,2.16345000267029,1.48766005039215,-59.171142578125,140,4.79177951812744,2.16345000267029,1.48766005039215,-47,142.736389160156,0.375357776880264,0.375357776880264,1.29999995231628,730,678,872,1080,1348,544,1918,990,1382,583,1433,787,A_080.png,A_080.ply,B_080.png,B_080.ply,B_080.png
1741133290.13324,-52.5119857788086,143,4.79177951812744,2.16345000267029,1.48766005039215,-60.0729713439941,140,4.79177951812744,2.16345000267029,1.48766005039215,-47,142.136642456055,0.375357776880264,0.375357776880264,1.29999995231628,573,635,677,1076,1387,542,1918,1045,1260,574,1302,768,A_081.png,A_081.ply,B_081.png,B_081.ply,B_081.png
1741133309.33115,-50.2378540039063,143,4.79177951812744,2.16345000267029,1.48766005039215,-62.8883666992188,140,4.79177951812744,2.16345000267029,1.48766005039215,-47,143.36506652832,0.375357776880264,0.375357776880264,1.29999995231628,1093,698,1257,1080,1231,539,1692,820,1361,568,1400,730,A_082.png,A_082.ply,B_082.png,B_082.ply,B_082.png
1741133328.53581,-50.2278327941895,143,4.79177951812744,2.16345000267029,1.48766005039215,-58.8743705749512,140,4.79177951812744,2.16345000267029,1.48766005039215,-47,142.592147827148,0.375357776880264,0.375357776880264,1.29999995231628,605,699,763,1080,1342,540,1918,992,1370,582,1417,798,A_083.png,A_083.ply,B_083.png,B_083.ply,B_083.png
1741133347.83424,-53.3459930419922,143,4.79177951812744,2.16345000267029,1.48766005039215,-58.8423233032227,140,4.79177951812744,2.16345000267029,1.48766005039215,-47,142.089935302734,0.375357776880264,0.375357776880264,1.29999995231628,608,621,697,1033,1506,563,1918,1049,1284,579,1337,794,A_084.png,A_084.ply,B_084.png,B_084.ply,B_084.png
1741133367.08732,-53.5367431640625,143,4.79177951812744,2.16345000267029,1.48766005039215,-61.7474975585938,140,4.79177951812744,2.16345000267029,1.48766005039215,-47,143.419662475586,0.375357776880264,0.375357776880264,1.29999995231628,1038,617,1121,1015,1358,543,1919,1018,1404,575,1446,743,A_085.png,A_085.ply,B_085.png,B_085.ply,B_085.png
1741133386.33224,-53.6550178527832,143,4.79177951812744,2.16345000267029,1.48766005039215,-58.1898231506348,140,4.79177951812744,2.16345000267029,1.48766005039215,-47,143.198181152344,0.375357776880264,0.375357776880264,1.29999995231628,969,617,1051,999,1593,593,1919,1061,1506,574,1562,813,A_086.png,A_086.ply,B_086.png,B_086.ply,B_086.png
1741133405.57415,-52.8472557067871,143,4.79177951812744,2.16345000267029,1.48766005039215,-62.5890235900879,140,4.79177951812744,2.16345000267029,1.48766005039215,-47,143.70654296875,0.375357776880264,0.375357776880264,1.29999995231628,1136,625,1270,1080,1304,542,1920,905,1396,570,1453,734,A_087.png,A_087.ply,B_087.png,B_087.ply,B_087.png
1741133424.81511,-53.0555686950684,143,4.79177951812744,2.16345000267029,1.48766005039215,-58.7276954650879,140,4.79177951812744,2.16345000267029,1.48766005039215,-47,142.457061767578,0.375357776880264,0.375357776880264,1.29999995231628,717,623,808,1060,1498,560,1918,1047,1350,585,1407,798,A_088.png,A_088.ply,B_088.png,B_088.ply,B_088.png
1741133444.07166,-51.6171340942383,143,4.79177951812744,2.16345000267029,1.48766005039215,-58.6760635375977,140,4.79177951812744,2.16345000267029,1.48766005039215,-47,142.137390136719,0.375357776880264,0.375357776880264,1.29999995231628,505,653,621,1076,1416,552,1919,1024,1295,582,1346,799,A_089.png,A_089.ply,B_089.png,B_089.ply,B_089.png
1741133463.31885,-53.6012573242188,143,4.79177951812744,2.16345000267029,1.48766005039215,-61.4496994018555,140,4.79177951812744,2.16345000267029,1.48766005039215,-47,142.734222412109,0.375357776880264,0.375357776880264,1.29999995231628,505,653,621,1076,1374,545,1919,1005,1315,575,1360,747,A_090.png,A_090.ply,B_090.png,B_090.ply,B_090.png
1741133482.56669,-51.8955154418945,143,4.79177951812744,2.16345000267029,1.48766005039215,-60.6210098266602,140,4.79177951812744,2.16345000267029,1.48766005039215,-47,143.321060180664,0.375357776880264,0.375357776880264,1.29999995231628,1025,645,1136,1074,1338,541,1919,977,1422,582,1468,765,A_091.png,A_091.ply,B_091.png,B_091.ply,B_091.png
1741133501.89978,-53.7929344177246,143,4.79177951812744,2.16345000267029,1.48766005039215,-62.7946166992188,140,4.79177951812744,2.16345000267029,1.48766005039215,-47,143.112411499023,0.375357776880264,0.375357776880264,1.29999995231628,920,616,1020,1000,1331,538,1918,963,1327,571,1370,735,A_092.png,A_092.ply,B_092.png,B_092.ply,B_092.png
1741133521.31709,-51.5813064575195,143,4.79177951812744,2.16345000267029,1.48766005039215,-59.840217590332,140,4.79177951812744,2.16345000267029,1.48766005039215,-47,142.988433837891,0.375357776880264,0.375357776880264,1.29999995231628,881,652,998,1077,1360,544,1918,1005,1399,583,1444,777,A_093.png,A_093.ply,B_093.png,B_093.ply,B_093.png
1741133540.91374,-53.1746330261231,143,4.79177951812744,2.16345000267029,1.48766005039215,-59.1317558288574,140,4.79177951812744,2.16345000267029,1.48766005039215,-47,142.938842773437,0.375357776880264,0.375357776880264,1.29999995231628,880,628,970,1046,1479,557,1920,1047,1417,584,1467,791,A_094.png,A_094.ply,B_094.png,B_094.ply,B_094.png
1741133560.88125,-50.5867500305176,143,4.79177951812744,2.16345000267029,1.48766005039215,-62.3501167297363,140,4.79177951812744,2.16345000267029,1.48766005039215,-47,142.048202514648,0.375357776880264,0.375357776880264,1.29999995231628,316,687,470,1080,1216,541,1759,852,1203,574,1238,735,A_095.png,A_095.ply,B_095.png,B_095.ply,B_095.png
1741133581.12125,-51.3520660400391,143,4.79177951812744,2.16345000267029,1.48766005039215,-58.3123588562012,140,4.79177951812744,2.16345000267029,1.48766005039215,-47,142.787246704102,0.375357776880264,0.375357776880264,1.29999995231628,777,660,897,1014,1425,549,1919,970,1425,590,1478,810,A_096.png,A_096.ply,B_096.png,B_096.ply,B_096.png
1741133601.49603,-50.401912689209,143,4.79177951812744,2.16345000267029,1.48766005039215,-59.1305046081543,140,4.79177951812744,2.16345000267029,1.48766005039215,-47,143.545639038086,0.375357776880264,0.375357776880264,1.29999995231628,1188,690,1352,1079,1336,542,1919,988,1517,584,1574,791,A_097.png,A_097.ply,B_097.png,B_097.ply,B_097.png
1741133621.94306,-53.954216003418,143,4.79177951812744,2.16345000267029,1.48766005039215,-62.9561576843262,140,4.79177951812744,2.16345000267029,1.48766005039215,-47,142.227508544922,0.375357776880264,0.375357776880264,1.29999995231628,676,614,759,990,1325,539,1919,960,1217,573,1253,726,A_098.png,A_098.ply,B_098.png,B_098.ply,B_098.png
1741133642.43752,-53.6082916259766,143,4.79177951812744,2.16345000267029,1.48766005039215,-62.4532165527344,140,4.79177951812744,2.16345000267029,1.48766005039215,-47,143.633529663086,0.375357776880264,0.375357776880264,1.29999995231628,1089,614,1222,1011,1333,540,1919,976,1405,577,1450,735,A_099.png,A_099.ply,B_099.png,B_099.ply,B_099.png
1741133662.91515,-52.6739044189453,143,4.79177951812744,2.16345000267029,1.48766005039215,-60.6888885498047,140,4.79177951812744,2.16345000267029,1.48766005039215,-47,143.486862182617,0.375357776880264,0.375357776880264,1.29999995231628,1062,631,1168,963,1368,546,1919,1008,1441,581,1493,760,A_100.png,A_100.ply,B_100.png,B_100.ply,B_100.png
1741133683.40028,-51.9965896606445,143,4.79177951812744,2.16345000267029,1.48766005039215,-61.7572288513184,140,4.79177951812744,2.16345000267029,1.48766005039215,-47,143.356521606445,0.375357776880264,0.375357776880264,1.29999995231628,1037,644,1145,1076,1302,539,1919,898,1393,575,1437,745,A_101.png,A_101.ply,B_101.png,B_101.ply,B_101.png
1741133704.03609,-50.264087677002,143,4.79177951812744,2.16345000267029,1.48766005039215,-61.899040222168,140,4.79177951812744,2.16345000267029,1.48766005039215,-47,143.244232177734,0.375357776880264,0.375357776880264,1.29999995231628,1018,700,1181,1080,1252,541,1770,862,1371,570,1415,744,A_102.png,A_102.ply,B_102.png,B_102.ply,B_102.png
1741133724.5503,-50.4033088684082,143,4.79177951812744,2.16345000267029,1.48766005039215,-60.9482955932617,140,4.79177951812744,2.16345000267029,1.48766005039215,-47,142.618835449219,0.375357776880264,0.375357776880264,1.29999995231628,632,694,793,1080,1283,541,1876,894,1312,576,1354,756,A_103.png,A_103.ply,B_103.png,B_103.ply,B_103.png
1741133745.08775,-50.6174545288086,143,4.79177951812744,2.16345000267029,1.48766005039215,-58.6784210205078,140,4.79177951812744,2.16345000267029,1.48766005039215,-47,143.759719848633,0.375357776880264,0.375357776880264,1.29999995231628,1291,683,1455,1080,1363,542,1918,1028,1578,583,1636,800,A_104.png,A_104.ply,B_104.png,B_104.ply,B_104.png
1741133765.60764,-53.148078918457,143,4.79177951812744,2.16345000267029,1.48766005039215,-58.6985282897949,140,4.79177951812744,2.16345000267029,1.48766005039215,-47,143.394577026367,0.375357776880264,0.375357776880264,1.29999995231628,1033,623,1125,1050,1510,564,1919,1055,1511,578,1571,798,A_105.png,A_105.ply,B_105.png,B_105.ply,B_105.png
1741133786.09637,-51.0676956176758,143,4.79177951812744,2.16345000267029,1.48766005039215,-61.886474609375,140,4.79177951812744,2.16345000267029,1.48766005039215,-47,142.779632568359,0.375357776880264,0.375357776880264,1.29999995231628,765,671,892,1076,1275,541,1849,881,1308,572,1356,743,A_106.png,A_106.ply,B_106.png,B_106.ply,B_106.png
1741133806.68921,-53.0295791625977,143,4.79177951812744,2.16345000267029,1.48766005039215,-61.5424537658691,140,4.79177951812744,2.16345000267029,1.48766005039215,-47,143.516525268555,0.375357776880264,0.375357776880264,1.29999995231628,1075,622,1191,1068,1347,541,1919,964,1419,574,1463,745,A_107.png,A_107.ply,B_107.png,B_107.ply,B_107.png
1741133827.26089,-53.2170143127441,143,4.79177951812744,2.16345000267029,1.48766005039215,-59.4274635314941,140,4.79177951812744,2.16345000267029,1.48766005039215,-47,143.528427124023,0.375357776880264,0.375357776880264,1.29999995231628,1073,622,1195,1052,1485,551,1920,1048,1474,577,1555,782,A_108.png,A_108.ply,B_108.png,B_108.ply,B_108.png
1741133847.79279,-50.7839584350586,143,4.79177951812744,2.16345000267029,1.48766005039215,-60.3654899597168,140,4.79177951812744,2.16345000267029,1.48766005039215,-47,143.535919189453,0.375357776880264,0.375357776880264,1.29999995231628,1162,676,1306,1080,1313,541,1919,922,1461,578,1512,765,A_109.png,A_109.ply,B_109.png,B_109.ply,B_109.png
1741133868.31542,-53.9335823059082,143,4.79177951812744,2.16345000267029,1.48766005039215,-61.4772796630859,140,4.79177951812744,2.16345000267029,1.48766005039215,-47,143.016952514648,0.375357776880264,0.375357776880264,1.29999995231628,905,614,989,978,1388,550,1919,1012,1353,576,1394,750,A_110.png,A_110.ply,B_110.png,B_110.ply,B_110.png
1741133888.90391,-50.7558097839356,143,4.79177951812744,2.16345000267029,1.48766005039215,-59.5067024230957,140,4.79177951812744,2.16345000267029,1.48766005039215,-47,142.401641845703,0.375357776880264,0.375357776880264,1.29999995231628,542,679,685,1080,1329,543,1919,979,1316,579,1362,785,A_111.png,A_111.ply,B_111.png,B_111.ply,B_111.png
1741133909.5379,-53.7979736328125,143,4.79177951812744,2.16345000267029,1.48766005039215,-62.8648262023926,140,4.79177951812744,2.16345000267029,1.48766005039215,-47,142.751129150391,0.375357776880264,0.375357776880264,1.29999995231628,827,618,913,998,1325,538,1919,955,1284,572,1320,732,A_112.png,A_112.ply,B_112.png,B_112.ply,B_112.png
1741133930.18932,-50.4727096557617,143,4.79177951812744,2.16345000267029,1.48766005039215,-60.3783531188965,140,4.79177951812744,2.16345000267029,1.48766005039215,-47,143.004730224609,0.375357776880264,0.375357776880264,1.29999995231628,871,689,1017,1080,1299,540,1919,910,1384,576,1426,762,A_113.png,A_113.ply,B_113.png,B_113.ply,B_113.png
1741133950.80798,-53.4765167236328,143,4.79177951812744,2.16345000267029,1.48766005039215,-60.697582244873,140,4.79177951812744,2.16345000267029,1.48766005039215,-47,143.218643188477,0.375357776880264,0.375357776880264,1.29999995231628,973,623,1060,1022,1443,550,1920,890,1406,578,1448,763,A_114.png,A_114.ply,B_114.png,B_114.ply,B_114.png
1741133971.44553,-53.6921730041504,143,4.79177951812744,2.16345000267029,1.48766005039215,-61.6996231079102,140,4.79177951812744,2.16345000267029,1.48766005039215,-47,143.266586303711,0.375357776880264,0.375357776880264,1.29999995231628,985,622,1071,1006,1370,546,1918,1000,1381,574,1421,745,A_115.png,A_115.ply,B_115.png,B_115.ply,B_115.png
1741133992.03637,-52.7419319152832,143,4.79177951812744,2.16345000267029,1.48766005039215,-62.4445610046387,140,4.79177951812744,2.16345000267029,1.48766005039215,-47,143.791580200195,0.375357776880264,0.375357776880264,1.29999995231628,1168,631,1283,1079,1304,540,1920,913,1431,573,1469,737,A_116.png,A_116.ply,B_116.png,B_116.ply,B_116.png
1741134012.70119,-52.5770454406738,143,4.79177951812744,2.16345000267029,1.48766005039215,-62.7909889221191,140,4.79177951812744,2.16345000267029,1.48766005039215,-47,142.747467041016,0.375357776880264,0.375357776880264,1.29999995231628,802,627,897,910,1292,541,1915,905,1285,572,1322,733,A_117.png,A_117.ply,B_117.png,B_117.ply,B_117.png
1741134033.32242,-51.4635353088379,143,4.79177951812744,2.16345000267029,1.48766005039215,-58.295970916748,140,4.79177951812744,2.16345000267029,1.48766005039215,-47,142.603134155273,0.375357776880264,0.375357776880264,1.29999995231628,705,657,822,1079,1428,554,1919,975,1387,583,1446,810,A_118.png,A_118.ply,B_118.png,B_118.ply,B_118.png
1741134053.94468,-52.5900230407715,143,4.79177951812744,2.16345000267029,1.48766005039215,-59.2199745178223,140,4.79177951812744,2.16345000267029,1.48766005039215,-47,143.597061157227,0.375357776880264,0.375357776880264,1.29999995231628,1110,631,1216,1068,1437,549,1918,1058,1523,586,1577,787,A_119.png,A_119.ply,B_119.png,B_119.ply,B_119.png
1741134074.65722,-53.9789085388184,143,4.79177951812744,2.16345000267029,1.48766005039215,-60.1792411804199,140,4.79177951812744,2.16345000267029,1.48766005039215,-47,142.8642578125,0.375357776880264,0.375357776880264,1.29999995231628,862,615,943,977,1454,551,1919,1037,1366,576,1412,769,A_120.png,A_120.ply,B_120.png,B_120.ply,B_120.png
1741134095.29765,-52.2843627929688,143,4.79177951812744,2.16345000267029,1.48766005039215,-58.6676979064941,140,4.79177951812744,2.16345000267029,1.48766005039215,-47,142.691055297852,0.375357776880264,0.375357776880264,1.29999995231628,775,634,871,1068,1448,551,1918,1054,1387,582,1446,801,A_121.png,A_121.ply,B_121.png,B_121.ply,B_121.png
1741134115.94693,-53.3989601135254,143,4.79177951812744,2.16345000267029,1.48766005039215,-59.5488014221191,140,4.79177951812744,2.16345000267029,1.48766005039215,-47,142.970520019531,0.375357776880264,0.375357776880264,1.29999995231628,887,622,980,1014,1461,549,1919,1054,1407,582,1456,785,A_122.png,A_122.ply,B_122.png,B_122.ply,B_122.png
1741134136.70183,-50.4942283630371,143,4.79177951812744,2.16345000267029,1.48766005039215,-62.9741554260254,140,4.79177951812744,2.16345000267029,1.48766005039215,-47,143.780975341797,0.375357776880264,0.375357776880264,1.29999995231628,1320,690,1482,1079,1235,541,1705,837,1413,574,1451,726,A_123.png,A_123.ply,B_123.png,B_123.ply,B_123.png
1741134157.35811,-53.4900245666504,143,4.79177951812744,2.16345000267029,1.48766005039215,-62.5482749938965,140,4.79177951812744,2.16345000267029,1.48766005039215,-47,142.258163452148,0.375357776880264,0.375357776880264,1.29999995231628,666,619,753,1021,1323,541,1918,961,1224,571,1268,735,A_124.png,A_124.ply,B_124.png,B_124.ply,B_124.png
1741134178.05378,-51.3005256652832,143,4.79177951812744,2.16345000267029,1.48766005039215,-61.6678695678711,140,4.79177951812744,2.16345000267029,1.48766005039215,-47,142.925247192383,0.375357776880264,0.375357776880264,1.29999995231628,847,654,976,1076,1282,541,1896,912,1333,570,1374,746,A_125.png,A_125.ply,B_125.png,B_125.ply,B_125.png
1741134198.75464,-53.3522834777832,143,4.79177951812744,2.16345000267029,1.48766005039215,-61.5752143859863,140,4.79177951812744,2.16345000267029,1.48766005039215,-47,142.016784667969,0.375357776880264,0.375357776880264,1.29999995231628,584,620,673,1036,1357,546,1918,1014,1212,577,1251,747,A_126.png,A_126.ply,B_126.png,B_126.ply,B_126.png
1741134219.53123,-53.360897064209,143,4.79177951812744,2.16345000267029,1.48766005039215,-62.6119842529297,140,4.79177951812744,2.16345000267029,1.48766005039215,-47,142.832260131836,0.375357776880264,0.375357776880264,1.29999995231628,845,619,933,1022,1321,540,1918,950,1300,569,1349,736,A_127.png,A_127.ply,B_127.png,B_127.ply,B_127.png
1741134240.21146,-50.5629959106445,143,4.79177951812744,2.16345000267029,1.48766005039215,-58.1169509887695,140,4.79177951812744,2.16345000267029,1.48766005039215,-47,143.749114990234,0.375357776880264,0.375357776880264,1.29999995231628,1291,683,1450,1080,1389,543,1919,1048,1607,582,1666,811,A_128.png,A_128.ply,B_128.png,B_128.ply,B_128.png
1741134261.0214,-52.3757247924805,143,4.79177951812744,2.16345000267029,1.48766005039215,-61.9198570251465,140,4.79177951812744,2.16345000267029,1.48766005039215,-47,143.307952880859,0.375357776880264,0.375357776880264,1.29999995231628,1012,632,1114,1076,1310,541,1919,930,1381,577,1421,741,A_129.png,A_129.ply,B_129.png,B_129.ply,B_129.png
1741134281.86617,-51.8060989379883,143,4.79177951812744,2.16345000267029,1.48766005039215,-60.3511009216309,140,4.79177951812744,2.16345000267029,1.48766005039215,-47,142.237747192383,0.375357776880264,0.375357776880264,1.29999995231628,566,650,675,1079,1344,540,1919,969,1268,574,1314,764,A_130.png,A_130.ply,B_130.png,B_130.ply,B_130.png
1741134302.66145,-53.5081481933594,143,4.79177951812744,2.16345000267029,1.48766005039215,-59.4381523132324,140,4.79177951812744,2.16345000267029,1.48766005039215,-47,142.32893371582,0.375357776880264,0.375357776880264,1.29999995231628,686,621,781,1025,1474,556,1919,1049,1308,580,1355,783,A_131.png,A_131.ply,B_131.png,B_131.ply,B_131.png
1741134323.51077,-52.8642120361328,143,4.79177951812744,2.16345000267029,1.48766005039215,-62.5938034057617,140,4.79177951812744,2.16345000267029,1.48766005039215,-47,143.319702148438,0.375357776880264,0.375357776880264,1.29999995231628,1008,624,1106,1063,1304,540,1919,887,1362,569,1403,734,A_132.png,A_132.ply,B_132.png,B_132.ply,B_132.png
1741134344.27974,-52.9495315551758,143,4.79177951812744,2.16345000267029,1.48766005039215,-59.0147399902344,140,4.79177951812744,2.16345000267029,1.48766005039215,-47,143.492095947266,0.375357776880264,0.375357776880264,1.29999995231628,1064,624,1207,1072,1469,546,1919,1046,1509,579,1575,794,A_133.png,A_133.ply,B_133.png,B_133.ply,B_133.png
1741134365.24597,-53.9864387512207,143,4.79177951812744,2.16345000267029,1.48766005039215,-58.2342071533203,140,4.79177951812744,2.16345000267029,1.48766005039215,-47,143.485610961914,0.375357776880264,0.375357776880264,1.29999995231628,1047,611,1157,994,1619,653,1918,1052,1554,587,1610,813,A_134.png,A_134.ply,B_134.png,B_134.ply,B_134.png
1741134386.11626,-50.7087440490723,143,4.79177951812744,2.16345000267029,1.48766005039215,-61.1086311340332,140,4.79177951812744,2.16345000267029,1.48766005039215,-47,143.955322265625,0.375357776880264,0.375357776880264,1.29999995231628,1390,679,1553,1080,1287,542,1893,906,1500,579,1544,749,A_135.png,A_135.ply,B_135.png,B_135.ply,B_135.png
1741134406.9638,-50.9787483215332,143,4.79177951812744,2.16345000267029,1.48766005039215,-58.0354766845703,140,4.79177951812744,2.16345000267029,1.48766005039215,-47,143.936599731445,0.375357776880264,0.375357776880264,1.29999995231628,1320,671,1499,1080,1419,541,1919,981,1648,583,1712,818,A_136.png,A_136.ply,B_136.png,B_136.ply,B_136.png
1741134427.84042,-50.2509460449219,143,4.79177951812744,2.16345000267029,1.48766005039215,-59.5656814575195,140,4.79177951812744,2.16345000267029,1.48766005039215,-47,142.127258300781,0.375357776880264,0.375357776880264,1.29999995231628,304,700,478,1079,1320,541,1919,923,1270,575,1317,779,A_137.png,A_137.ply,B_137.png,B_137.ply,B_137.png
1741134448.63102,-52.9523582458496,143,4.79177951812744,2.16345000267029,1.48766005039215,-59.361629486084,140,4.79177951812744,2.16345000267029,1.48766005039215,-47,142.07145690918,0.375357776880264,0.375357776880264,1.29999995231628,578,625,673,1072,1447,542,1919,1015,1267,575,1314,787,A_138.png,A_138.ply,B_138.png,B_138.ply,B_138.png
1741134469.56046,-53.1937255859375,143,4.79177951812744,2.16345000267029,1.48766005039215,-61.7057495117188,140,4.79177951812744,2.16345000267029,1.48766005039215,-47,143.680709838867,0.375357776880264,0.375357776880264,1.29999995231628,1127,620,1255,1074,1344,539,1919,966,1438,572,1482,743,A_139.png,A_139.ply,B_139.png,B_139.ply,B_139.png
1741134490.34673,-53.2869110107422,143,4.79177951812744,2.16345000267029,1.48766005039215,-59.2072143554688,140,4.79177951812744,2.16345000267029,1.48766005039215,-47,143.133102416992,0.375357776880264,0.375357776880264,1.29999995231628,942,625,1035,1039,1477,555,1919,1047,1447,583,1496,789,A_140.png,A_140.ply,B_140.png,B_140.ply,B_140.png
1741134511.29524,-51.3497123718262,143,4.79177951812744,2.16345000267029,1.48766005039215,-60.0710868835449,140,4.79177951812744,2.16345000267029,1.48766005039215,-47,142.656723022461,0.375357776880264,0.375357776880264,1.29999995231628,726,659,842,1078,1336,540,1919,949,1338,576,1387,772,A_141.png,A_141.ply,B_141.png,B_141.ply,B_141.png
1741134532.10177,-51.2361564636231,143,4.79177951812744,2.16345000267029,1.48766005039215,-61.580940246582,140,4.79177951812744,2.16345000267029,1.48766005039215,-47,142.74592590332,0.375357776880264,0.375357776880264,1.29999995231628,754,661,875,1060,1289,541,1899,909,1312,575,1358,749,A_142.png,A_142.ply,B_142.png,B_142.ply,B_142.png
1741134553.04808,-51.5905990600586,143,4.79177951812744,2.16345000267029,1.48766005039215,-62.400936126709,140,4.79177951812744,2.16345000267029,1.48766005039215,-47,142.648239135742,0.375357776880264,0.375357776880264,1.29999995231628,728,650,844,1078,1275,543,1849,888,1279,573,1317,738,A_143.png,A_143.ply,B_143.png,B_143.ply,B_143.png
1741134574.00063,-51.3327369689941,143,4.79177951812744,2.16345000267029,1.48766005039215,-58.710262298584,140,4.79177951812744,2.16345000267029,1.48766005039215,-47,142.514724731445,0.375357776880264,0.375357776880264,1.29999995231628,649,661,769,1028,1397,552,1918,967,1362,580,1412,800,A_144.png,A_144.ply,B_144.png,B_144.ply,B_144.png
1741134594.77963,-51.9740447998047,143,4.79177951812744,2.16345000267029,1.48766005039215,-61.5837860107422,140,4.79177951812744,2.16345000267029,1.48766005039215,-47,143.173446655273,0.375357776880264,0.375357776880264,1.29999995231628,952,636,1072,1076,1309,542,1919,909,1371,572,1413,745,A_145.png,A_145.ply,B_145.png,B_145.ply,B_145.png
1741134615.56555,-52.7475166320801,143,4.79177951812744,2.16345000267029,1.48766005039215,-62.9751052856445,140,4.79177951812744,2.16345000267029,1.48766005039215,-47,143.739135742188,0.375357776880264,0.375357776880264,1.29999995231628,1159,627,1273,1079,1287,543,1915,902,1407,570,1444,729,A_146.png,A_146.ply,B_146.png,B_146.ply,B_146.png
1741134636.8298,-50.359920501709,143,4.79177951812744,2.16345000267029,1.48766005039215,-62.5108375549316,140,4.79177951812744,2.16345000267029,1.48766005039215,-47,143.311431884766,0.375357776880264,0.375357776880264,1.29999995231628,1050,697,1218,1076,1243,541,1730,847,1365,566,1404,734,A_147.png,A_147.ply,B_147.png,B_147.ply,B_147.png
1741134662.95633,-53.2414283752441,143,4.79177951812744,2.16345000267029,1.48766005039215,-62.5932960510254,140,4.79177951812744,2.16345000267029,1.48766005039215,-47,143.874938964844,0.375357776880264,0.375357776880264,1.29999995231628,1167,626,1278,1042,1316,540,1918,956,1438,566,1481,737,A_148.png,A_148.ply,B_148.png,B_148.ply,B_148.png
1741134683.75643,-53.6765899658203,143,4.79177951812744,2.16345000267029,1.48766005039215,-61.0034408569336,140,4.79177951812744,2.16345000267029,1.48766005039215,-47,142.420303344727,0.375357776880264,0.375357776880264,1.29999995231628,714,617,808,1012,1401,547,1919,931,1276,574,1322,754,A_149.png,A_149.ply,B_149.png,B_149.ply,B_149.png
1741134704.8356,-51.9112205505371,143,4.79177951812744,2.16345000267029,1.48766005039215,-60.2496147155762,140,4.79177951812744,2.16345000267029,1.48766005039215,-47,142.284408569336,0.375357776880264,0.375357776880264,1.29999995231628,594,646,699,1075,1355,542,1919,1011,1275,576,1322,770,A_150.png,A_150.ply,B_150.png,B_150.ply,B_150.png
